author,year,Type,Device,retro/prospective,total_flap_n_buried,total_flap_n_non-buried,total_flap_n_buried_device,total_flap_n_non-buried_non-device,flap_loss_buried,flap_loss_non-buried,flap_loss_buried_device,flap_loss_non-buried_non-device,Reop_buried,Reop_non-buried,FP_Reop_buried,salvage_success_buried,salvage_success_non-buried,recon_area_breast,recon_area_hn,recon_area_other,pre-RT_buried,pre-RT_non-buried,DM_buried,DM_non-buried,smoke_buried,smoke_non-buried,comment (flap type),DIEP/TRAM/Rectus_Abdominis_bd,DIEP/TRAM/Rectus_Abdominis_nd,DIEP/TRAM/Rectus_Abdominis_bn,DIEP/TRAM/Rectus_Abdominis_nn,ALT_bd,ALT_nd,ALT_bn,ALT_nn,jejunum_bd,jejunum_nd,jejunum_bn,jejunum_nn,RFFF_bd,RFFF_nd,RFFF_bn,RFFF_nn,Fibula_bd,Fibula_nd,Fibula_bn,Fibula_nn,Gracilis_bd,Gracilis_nd,Gracilis_bn,Gracilis_nn,VLNT_bd,VLNT_nd,VLNT_bn,VLNT_nn,Other_bd,Other_nd,Other_bn,Other_nn
Arnež,2018,Type D,Licox,prospective,6,81,4,41,NR,NR,NR,0,NR,NR,Not reported,NR,NR,NR,NR,NR,NR,NR,NR,NR,NR,NR,"ALT, DIEP, Fibula, LD, mSAP, RFFF, TFL, UFFF",0,8,0,14,1,18,2,11,0,0,0,0,0,5,0,9,3,2,0,4,0,0,0,0,0,0,0,0,0,7,0,3
Cai,2008,Type A,NIRS,prospective,41,0,41,0,0,1,0,0,0,1,0,NR,0,0,41,0,NR,NR,NR,NR,NR,NR,Fibula 41,0,0,0,0,0,0,0,0,0,0,0,0,0,0,0,0,41,0,0,0,0,0,0,0,0,0,0,0,0,0,0,0
Cannady,2010,Type B,,retrospective,18,0,0,0,0,0,0,0,0,0,Not reported,NR,NR,0,18,0,NR,NR,NR,NR,NR,NR,"ALT 13, Radial forearm 4, Lateral arm 1",0,0,0,0,0,0,13,0,0,0,0,0,0,0,4,0,0,0,0,0,0,0,0,0,0,0,0,0,0,0,1,0
Chadwick,2020,Type A,IDP,retrospective,26,0,24,0,0,0,0,0,1,0,1,NR,NR,26,0,0,NR,NR,NR,NR,NR,NR,DIEP 26,24,0,2,0,0,0,0,0,0,0,0,0,0,0,0,0,0,0,0,0,0,0,0,0,0,0,0,0,0,0,0,0
Clemens,2009,Type B,,retrospective,6,0,0,0,0,0,0,0,0,0,0,NR,NR,0,6,0,3,NR,NR,NR,NR,NR,DIEP 6,0,0,6,0,0,0,0,0,0,0,0,0,0,0,0,0,0,0,0,0,0,0,0,0,0,0,0,0,0,0,0,0
Creasy,2024,Type C-ii,IDP,retrospective,153,169,153,169,3,3,3,3,14 (Haematoma 7 / Flap loss 3 / Negative takeback 3 / RTT vein 1),14 (Haematoma 7 / Flap loss 3 / Negative takeback 1 / RTT vein 2 / Partial flap loss 1),3,Not reported,Not reported,153,0,0,Not reported,Not reported,5,9,4,14,Buried: DIEP(120) PAP(27) SGAP(5) SIEA(1) / Non-buried: DIEP(143) PAP(18) SGAP(5) SIEA(2) ALT(1),120,143,0,0,0,1,0,0,0,0,0,0,0,0,0,0,0,0,0,0,0,0,0,0,0,0,0,0,33,25,0,0
Disa,1999,Type B,,retrospective,77,673,0,673,5,12,0,12,5,57,0,0,44,2,75,0,NR,NR,NR,NR,NR,NR,"Buried: Jejunum 50, Fibula 16, Forearm 8, Rectus abdominis 2, Temporalis fascia 1 (Non-buried flap types NR)",0,NR,2,NR,0,NR,0,NR,0,NR,50,NR,0,NR,8,NR,0,NR,16,NR,0,NR,0,NR,0,NR,0,NR,0,NR,1,NR
Dunklebarger,2022,Type A,IDP,retrospective,65,NA,65,NA,0,NA,0,NA,1,NA,0,1,NA,0,65,0,Not reported,NA,Not reported,NA,Not reported,NA,Head and neck free flaps (specific types not reported),0,0,0,0,29,0,0,0,0,0,0,0,33,0,0,0,0,0,0,0,3,0,0,0,0,0,0,0,0,0,0,0
Few,2001,Type A,Color Doppler,prospective,11,NA,11,NA,0,NA,0,NA,0,NA,0,NA,NA,0,11,0,Not reported,NA,Not reported,NA,Not reported,NA,fibula(7) jejunum(2) radial forearm(2),0,0,0,0,0,0,0,0,2,0,0,0,2,0,0,0,7,0,0,0,0,0,0,0,0,0,0,0,0,0,0,0
Frey,2018,Type D,IDP,retrospective,50,171,43,166,1,4,1,NR,3,8,Not reported,NR,NR,50,0,0,NR,NR,1,1,1,15,"DIEP 140, PAP 35, MS-TRAM 23, SGAP 6, Stacked DIEP 6, TUG 4, SIEP 2, Lateral thigh perforator 2, MFCAP 1, (2 non-buried flaps NR)",NR,NR,NR,NR,NR,NR,NR,NR,NR,NR,NR,NR,NR,NR,NR,NR,NR,NR,NR,NR,NR,NR,NR,NR,NR,NR,NR,NR,NR,NR,NR,NR
Geis,2015,Type A,Color Doppler,prospective,20,0,20,0,0,0,0,0,3,0,0,3,NR,5,NR,NR,NR,NR,NR,NR,NR,NR,"Osseous fibular 7, DIEP 5, Osseous iliac crest 4, Latissimus dorsi 1, Omentum 1, Posterior thigh flap 1, Osseous parascapular 1",5,0,0,0,0,0,0,0,0,0,0,0,0,0,0,0,7,0,0,0,0,0,0,0,0,0,0,0,8,0,0,0
Imanishi,2003,Type A,Other,prospective,17,0,17,0,1,0,1,0,2,0,0,1,NR,0,17,0,NR,NR,NR,NR,NR,NR,Free jejunal 17,0,0,0,0,0,0,0,0,17,0,0,0,0,0,0,0,0,0,0,0,0,0,0,0,0,0,0,0,0,0,0,0
Khater,2015,Type A,Other,retrospective,69,NA,69,NA,0,NA,0,NA,2,NA,0,2,NA,0,0,69,Not reported,NA,Not reported,NA,Not reported,NA,Gracilis (69) / Upper extremity reconstruction for BPI / Device: CMAP / Includes 46 flaps (preliminary study) and 23 cases (clinical series),0,0,0,0,0,0,0,0,0,0,0,0,0,0,0,0,0,0,0,0,46,0,0,0,0,0,0,0,0,0,0,0
Levine,2013,Type A,IDP,retrospective,134,0,134,0,3,0,3,0,4,0,Not reported,1,NR,134,0,0,NR,NR,NR,NR,NR,NR,"DIEP 104, TUG 10, PAP 10, SIEA 5, IGAP 2, SGAP 2, DFAP 1",104,0,0,0,0,0,0,0,0,0,0,0,0,0,0,0,0,0,0,0,10,0,0,0,0,0,0,0,20,0,0,0
Lignieres,2024,Type C-ii,IDP,retrospective,46,160,46,160,0,1,0,1,2 (Reoperation for complication),6 (Reoperation for complication),Not reported,Not reported,Not reported,46,0,0,5,60,4,14,7,19,Buried: DIEP(40) MS-TRAM(2) SIEA(4) / Non-buried: DIEP(157) MS-TRAM(1) SIEA(2),42,0,0,158,0,0,0,0,0,0,0,0,0,0,0,0,0,0,0,0,0,0,0,0,0,0,0,0,4,0,0,2
Lindau,2012,Type A,IDP,retrospective,103,0,103,0,0,0,0,0,5,0,0,1,NR,0,91,12,NR,NR,NR,NR,NR,NR,"Radial forearm 52, ALT 23, Latissimus dorsi 8, Fibula 8, Rectus abdominis 6, Ulna 3, Gastrocnemius 3",6,0,0,0,23,0,0,0,0,0,0,0,52,0,0,0,8,0,0,0,0,0,0,0,0,0,0,0,14,0,0,0
Liu,2012,Type B,,retrospective,8,170,0,170,1,3,0,3,1,11,0,0,9,0,8,0,Not reported,Not reported,Not reported,Not reported,Not reported,Not reported,RFFF (178) / Intraoral reconstruction / Venous compromise only / 8 buried flaps monitored with endoscope (considered non-device) or not monitored,0,0,0,0,0,0,0,0,0,0,0,0,0,0,8,170,0,0,0,0,0,0,0,0,0,0,0,0,0,0,0,0
Ma,2024,Type A,NIRS,retrospective,59,0,59,0,2,0,2,0,5,0,0,3,NR,0,59,0,NR,NR,NR,NR,NR,NR,"Fibula 43, Iliac 11 (remaining 5 flaps NR)",0,0,0,0,0,0,0,0,0,0,0,0,0,0,0,0,43,0,0,0,0,0,0,0,0,0,0,0,16,0,0,0
Mella-Catinchi,2023,Type A,IDP,retrospective,6,0,6,0,0,0,0,0,0,0,0,NR,NR,0,0,6,NR,NR,NR,NR,NR,NR,"Supraclavicular lymph node 5, Submental lymph node 1",0,0,0,0,0,0,0,0,0,0,0,0,0,0,0,0,0,0,0,0,0,0,0,0,6,0,0,0,0,0,0,0
Ouyang,2021,Type A,NIRS,prospective,63,0,63,0,1,0,1,0,8,0,0,7,0,0,63,0,NR,NR,NR,NR,NR,NR,Fibula 63,0,0,0,0,0,0,0,0,0,0,0,0,0,0,0,0,63,0,0,0,0,0,0,0,0,0,0,0,0,0,0,0
Paydar,2010,Type C-i,IDP,retrospective,25,144,25,0,1,2,1,0,4,15,Not reported,3,15,0,25,0,Not reported,Not reported,Not reported,Not reported,Not reported,Not reported,Head and neck free flaps (169) / All monitored by implantable venous Doppler,NR,NR,NR,NR,NR,NR,NR,NR,NR,NR,NR,NR,NR,NR,NR,NR,NR,NR,NR,NR,NR,NR,NR,NR,NR,NR,NR,NR,NR,NR,NR,NR
Reiter,2017,Type B,,retrospective,37,436,0,436,0,NA,0,NA,2,NA,0,1,NA,0,37,0,18,NA,Not reported,NA,Not reported,NA,Buried: RFFF(21) ALT(16) / Head and neck reconstruction / Hand-held Doppler only,0,NR,0,NR,16,NR,0,NR,0,NR,0,NR,21,NR,0,NR,0,NR,0,NR,0,NR,0,NR,0,NR,0,NR,0,NR,0,NR
Rose,2022,Type C-ii,IDP,prospective,69,113,69,113,1,1,1,1,4 (Haematoma 3 / Flap loss 1),9 (Venous congestion 3 / Haematoma 5 / Flap loss 1),Not reported,0,3,69,0,0,9,29,1,8,2,8,Buried: DIEP(63) SIEA(1) SGAP(3) PAP(2) / Non-buried: DIEP(104) SIEA(2) SGAP(5) ALT(1) PAP(1),63,104,0,0,0,1,0,0,0,0,0,0,0,0,0,0,0,0,0,0,0,0,0,0,0,0,0,0,6,8,0,0
Rosenberg,2006,Type A,IDP,retrospective,20,NA,20,NA,0,NA,0,NA,3,NA,2,1,NA,1,12,7,Not reported,NA,Not reported,NA,Not reported,NA,Buried: Fibula(8) ALT(7) VRAM(1) TRAM(1) Rectus abdominis(1) RFFF(1) Jejunum(1) / Device: Implantable Doppler,3,0,0,0,7,0,0,0,1,0,0,0,1,0,0,0,8,0,0,0,0,0,0,0,0,0,0,0,0,0,0,0
Rozen,2010,Type A,IDP,Not reported,10,NA,10,NA,0,NA,0,NA,0,NA,0,NA,NA,10,0,0,Not reported,NA,Not reported,NA,Not reported,NA,All delayed reconstruction / Device: Cook-Swartz / Flap types: DIEP(6) SGAP(4),5,0,0,0,0,0,0,0,0,0,0,0,0,0,0,0,0,0,0,0,0,0,0,0,0,0,0,0,3,0,0,0
Schön,2003,Type A,Color Doppler,NR,12,0,12,0,0,0,0,0,0,0,0,NR,NR,0,12,0,NR,NR,NR,NR,NR,NR,Fibula 12,0,0,0,0,0,0,0,0,0,0,0,0,0,0,0,0,12,0,0,0,0,0,0,0,0,0,0,0,0,0,0,0
Sharma,2010,Type A,Color Doppler,prospective,8,28,8,0,1,5,1,0,1,5,0,0,0,0,8,0,NR,NR,NR,NR,NR,NR,"Radial forearm 21, Serratus anterior 3, Jejunal 3, Fibula 2, Scapula 2, DCIA 2, Latissimus dorsi 2, ALT 1",0,0,0,0,0,1,0,0,2,1,0,0,1,20,0,0,1,1,0,0,0,0,0,0,0,0,0,0,4,5,0,0
Tabrizi,2021,Type A,IDP,Not reported,62,NA,62,NA,7,NA,7,NA,18,NA,Not reported,11,NA,0,62,0,Not reported,NA,Not reported,NA,Not reported,NA,Buried: Fibula(62) / Mandible reconstruction / Device: Implantable Doppler and SPECT / 18 cases had impaired perfusion but salvage outcomes not reported,0,0,0,0,0,0,0,0,0,0,0,0,0,0,0,0,62,0,0,0,0,0,0,0,0,0,0,0,0,0,0,0
Tanaka,2024,Type C-i,NIRS,retrospective,99,57,99,0,Not reported,Not reported,Not reported,NA,7,3,1,Not reported,Not reported,99,0,0,Not reported,Not reported,Not reported,Not reported,Not reported,Not reported,Buried: DIEP(99) / Non-buried(Exposed): DIEP(57) / Breast reconstruction / All monitored by NIRO200NX (NIRS),99,57,0,0,0,0,0,0,0,0,0,0,0,0,0,0,0,0,0,0,0,0,0,0,0,0,0,0,0,0,0,0
Teven,2017,Type A,IDP,prospective,100,NA,100,NA,0,NA,0,NA,5,NA,2,3,NA,0,0,100,47,NA,4,NA,9,NA,Buried: VLNT (100) / Lymphedema reconstruction / Device: Implantable Doppler,0,0,0,0,0,0,0,0,0,0,0,0,0,0,0,0,0,0,0,0,0,0,0,0,100,0,0,0,0,0,0,0
Vakharia,2012,Type A,Color Doppler,prospective,47,NA,47,NA,0,NA,0,NA,0,NA,0,NA,NA,0,47,0,Not reported,NA,Not reported,NA,Not reported,NA,Buried: Gracilis(47) / Facial reanimation / Device: Color Doppler ultrasound,0,0,0,0,0,0,0,0,0,0,0,0,0,0,0,0,0,0,0,0,46,0,0,0,0,0,0,0,0,0,0,0
Yano,2003,Type A,Color Doppler,NR,6,0,6,0,0,0,0,0,0,0,0,NR,NR,6,0,0,NR,NR,NR,NR,NR,NR,DIEP 6,6,0,0,0,0,0,0,0,0,0,0,0,0,0,0,0,0,0,0,0,0,0,0,0,0,0,0,0,0,0,0,0